{
  "prusti-tests/tests/verify/pass/rosetta/Knuth_shuffle.rs": [
    2.5297208389999923,
    2.0644801519999874,
    2.0075756039999533,
    1.9686800679999124,
    1.9955208860000084,
    2.0145855829999846,
    2.057147341000018,
    2.0441336359999696,
    2.0481090089999725,
    1.9114823369999385
  ],
  "prusti-tests/tests/verify/pass/demos/account.rs": [
    0.9197982980000461,
    0.9825152490000164,
    1.0013589689999662,
    1.0278466020000678,
    1.0488887820000627,
    0.9335586429999694,
    1.0231884450000734,
    0.9964203870000574,
    0.9267774300000156,
    0.9411196240000663
  ]
}